{
    "loss": 0.0007900490136429046,
    "accuracy": 0.983452380952381,
    "config": {
        "lr": 0.00014130639541592882,
        "batch_size": 64
    }
}